1,0000-scattered.interval_list
2,0001-scattered.interval_list
3,0002-scattered.interval_list
4,0003-scattered.interval_list
5,0004-scattered.interval_list
6,0005-scattered.interval_list
7,0006-scattered.interval_list
8,0007-scattered.interval_list
9,0008-scattered.interval_list
10,0009-scattered.interval_list
11,0010-scattered.interval_list
12,0011-scattered.interval_list
13,0012-scattered.interval_list
14,0013-scattered.interval_list
15,0014-scattered.interval_list
16,0015-scattered.interval_list
17,0016-scattered.interval_list
18,0017-scattered.interval_list
19,0018-scattered.interval_list
20,0019-scattered.interval_list
21,0020-scattered.interval_list
22,0021-scattered.interval_list
23,0022-scattered.interval_list
24,0023-scattered.interval_list
25,0024-scattered.interval_list
26,0025-scattered.interval_list
27,0026-scattered.interval_list
28,0027-scattered.interval_list
29,0028-scattered.interval_list
30,0029-scattered.interval_list
31,0030-scattered.interval_list
32,0031-scattered.interval_list
33,0032-scattered.interval_list
34,0033-scattered.interval_list
35,0034-scattered.interval_list
36,0035-scattered.interval_list
37,0036-scattered.interval_list
38,0037-scattered.interval_list
39,0038-scattered.interval_list
40,0039-scattered.interval_list
41,0040-scattered.interval_list
42,0041-scattered.interval_list
43,0042-scattered.interval_list
44,0043-scattered.interval_list
45,0044-scattered.interval_list
46,0045-scattered.interval_list
47,0046-scattered.interval_list
48,0047-scattered.interval_list
49,0048-scattered.interval_list
50,0049-scattered.interval_list
51,0050-scattered.interval_list
52,0051-scattered.interval_list
53,0052-scattered.interval_list
54,0053-scattered.interval_list
55,0054-scattered.interval_list
56,0055-scattered.interval_list
57,0056-scattered.interval_list
58,0057-scattered.interval_list
59,0058-scattered.interval_list
60,0059-scattered.interval_list
61,0060-scattered.interval_list
62,0061-scattered.interval_list
63,0062-scattered.interval_list
64,0063-scattered.interval_list
65,0064-scattered.interval_list
66,0065-scattered.interval_list
67,0066-scattered.interval_list
68,0067-scattered.interval_list
69,0068-scattered.interval_list
70,0069-scattered.interval_list
71,0070-scattered.interval_list
72,0071-scattered.interval_list
73,0072-scattered.interval_list
74,0073-scattered.interval_list
75,0074-scattered.interval_list
76,0075-scattered.interval_list
77,0076-scattered.interval_list
78,0077-scattered.interval_list
79,0078-scattered.interval_list
80,0079-scattered.interval_list
81,0080-scattered.interval_list
82,0081-scattered.interval_list
83,0082-scattered.interval_list
84,0083-scattered.interval_list
85,0084-scattered.interval_list
86,0085-scattered.interval_list
87,0086-scattered.interval_list
88,0087-scattered.interval_list
89,0088-scattered.interval_list
90,0089-scattered.interval_list
91,0090-scattered.interval_list
92,0091-scattered.interval_list
93,0092-scattered.interval_list
94,0093-scattered.interval_list
95,0094-scattered.interval_list
96,0095-scattered.interval_list
97,0096-scattered.interval_list
98,0097-scattered.interval_list
99,0098-scattered.interval_list
100,0099-scattered.interval_list
101,0100-scattered.interval_list
102,0101-scattered.interval_list
103,0102-scattered.interval_list
104,0103-scattered.interval_list
105,0104-scattered.interval_list
106,0105-scattered.interval_list
107,0106-scattered.interval_list
108,0107-scattered.interval_list
109,0108-scattered.interval_list
110,0109-scattered.interval_list
111,0110-scattered.interval_list
112,0111-scattered.interval_list
113,0112-scattered.interval_list
114,0113-scattered.interval_list
115,0114-scattered.interval_list
116,0115-scattered.interval_list
117,0116-scattered.interval_list
118,0117-scattered.interval_list
119,0118-scattered.interval_list
120,0119-scattered.interval_list
121,0120-scattered.interval_list
122,0121-scattered.interval_list
123,0122-scattered.interval_list
124,0123-scattered.interval_list
125,0124-scattered.interval_list
126,0125-scattered.interval_list
127,0126-scattered.interval_list
128,0127-scattered.interval_list
129,0128-scattered.interval_list
130,0129-scattered.interval_list
131,0130-scattered.interval_list
132,0131-scattered.interval_list
133,0132-scattered.interval_list
134,0133-scattered.interval_list
135,0134-scattered.interval_list
136,0135-scattered.interval_list
137,0136-scattered.interval_list
138,0137-scattered.interval_list
139,0138-scattered.interval_list
140,0139-scattered.interval_list
141,0140-scattered.interval_list
142,0141-scattered.interval_list
143,0142-scattered.interval_list
144,0143-scattered.interval_list
145,0144-scattered.interval_list
146,0145-scattered.interval_list
147,0146-scattered.interval_list
148,0147-scattered.interval_list
149,0148-scattered.interval_list
150,0149-scattered.interval_list
151,0150-scattered.interval_list
152,0151-scattered.interval_list
153,0152-scattered.interval_list
154,0153-scattered.interval_list
155,0154-scattered.interval_list
156,0155-scattered.interval_list
157,0156-scattered.interval_list
158,0157-scattered.interval_list
159,0158-scattered.interval_list
160,0159-scattered.interval_list
161,0160-scattered.interval_list
162,0161-scattered.interval_list
163,0162-scattered.interval_list
164,0163-scattered.interval_list
165,0164-scattered.interval_list
166,0165-scattered.interval_list
167,0166-scattered.interval_list
168,0167-scattered.interval_list
169,0168-scattered.interval_list
170,0169-scattered.interval_list
171,0170-scattered.interval_list
172,0171-scattered.interval_list
173,0172-scattered.interval_list
174,0173-scattered.interval_list
175,0174-scattered.interval_list
176,0175-scattered.interval_list
177,0176-scattered.interval_list
178,0177-scattered.interval_list
179,0178-scattered.interval_list
180,0179-scattered.interval_list
181,0180-scattered.interval_list
182,0181-scattered.interval_list
183,0182-scattered.interval_list
184,0183-scattered.interval_list
185,0184-scattered.interval_list
186,0185-scattered.interval_list
187,0186-scattered.interval_list
188,0187-scattered.interval_list
189,0188-scattered.interval_list
190,0189-scattered.interval_list
191,0190-scattered.interval_list
192,0191-scattered.interval_list
193,0192-scattered.interval_list
194,0193-scattered.interval_list
195,0194-scattered.interval_list
196,0195-scattered.interval_list
197,0196-scattered.interval_list
198,0197-scattered.interval_list
199,0198-scattered.interval_list
200,0199-scattered.interval_list
201,0200-scattered.interval_list
202,0201-scattered.interval_list
203,0202-scattered.interval_list
204,0203-scattered.interval_list
205,0204-scattered.interval_list
206,0205-scattered.interval_list
207,0206-scattered.interval_list
208,0207-scattered.interval_list
209,0208-scattered.interval_list
210,0209-scattered.interval_list
211,0210-scattered.interval_list
212,0211-scattered.interval_list
213,0212-scattered.interval_list
214,0213-scattered.interval_list
215,0214-scattered.interval_list
216,0215-scattered.interval_list
217,0216-scattered.interval_list
218,0217-scattered.interval_list
219,0218-scattered.interval_list
220,0219-scattered.interval_list
221,0220-scattered.interval_list
222,0221-scattered.interval_list
223,0222-scattered.interval_list
224,0223-scattered.interval_list
225,0224-scattered.interval_list
226,0225-scattered.interval_list
227,0226-scattered.interval_list
228,0227-scattered.interval_list
229,0228-scattered.interval_list
230,0229-scattered.interval_list
231,0230-scattered.interval_list
232,0231-scattered.interval_list
233,0232-scattered.interval_list
234,0233-scattered.interval_list
235,0234-scattered.interval_list
236,0235-scattered.interval_list
237,0236-scattered.interval_list
238,0237-scattered.interval_list
239,0238-scattered.interval_list
240,0239-scattered.interval_list
241,0240-scattered.interval_list
242,0241-scattered.interval_list
243,0242-scattered.interval_list
244,0243-scattered.interval_list
245,0244-scattered.interval_list
246,0245-scattered.interval_list
247,0246-scattered.interval_list
248,0247-scattered.interval_list
249,0248-scattered.interval_list
250,0249-scattered.interval_list
251,0250-scattered.interval_list
252,0251-scattered.interval_list
253,0252-scattered.interval_list
254,0253-scattered.interval_list
255,0254-scattered.interval_list
256,0255-scattered.interval_list
257,0256-scattered.interval_list
258,0257-scattered.interval_list
259,0258-scattered.interval_list
260,0259-scattered.interval_list
261,0260-scattered.interval_list
262,0261-scattered.interval_list
263,0262-scattered.interval_list
264,0263-scattered.interval_list
265,0264-scattered.interval_list
266,0265-scattered.interval_list
267,0266-scattered.interval_list
268,0267-scattered.interval_list
269,0268-scattered.interval_list
270,0269-scattered.interval_list
271,0270-scattered.interval_list
272,0271-scattered.interval_list
273,0272-scattered.interval_list
274,0273-scattered.interval_list
275,0274-scattered.interval_list
276,0275-scattered.interval_list
277,0276-scattered.interval_list
278,0277-scattered.interval_list
279,0278-scattered.interval_list
280,0279-scattered.interval_list
281,0280-scattered.interval_list
282,0281-scattered.interval_list
283,0282-scattered.interval_list
284,0283-scattered.interval_list
285,0284-scattered.interval_list
286,0285-scattered.interval_list
287,0286-scattered.interval_list
288,0287-scattered.interval_list
289,0288-scattered.interval_list
290,0289-scattered.interval_list
291,0290-scattered.interval_list
292,0291-scattered.interval_list
293,0292-scattered.interval_list
294,0293-scattered.interval_list
295,0294-scattered.interval_list
296,0295-scattered.interval_list
297,0296-scattered.interval_list
298,0297-scattered.interval_list
299,0298-scattered.interval_list
300,0299-scattered.interval_list
301,0300-scattered.interval_list
302,0301-scattered.interval_list
303,0302-scattered.interval_list
304,0303-scattered.interval_list
305,0304-scattered.interval_list
306,0305-scattered.interval_list
307,0306-scattered.interval_list
308,0307-scattered.interval_list
309,0308-scattered.interval_list
310,0309-scattered.interval_list
311,0310-scattered.interval_list
312,0311-scattered.interval_list
313,0312-scattered.interval_list
314,0313-scattered.interval_list
315,0314-scattered.interval_list
316,0315-scattered.interval_list
317,0316-scattered.interval_list
318,0317-scattered.interval_list
319,0318-scattered.interval_list
320,0319-scattered.interval_list
321,0320-scattered.interval_list
322,0321-scattered.interval_list
323,0322-scattered.interval_list
324,0323-scattered.interval_list
325,0324-scattered.interval_list
326,0325-scattered.interval_list
327,0326-scattered.interval_list
328,0327-scattered.interval_list
329,0328-scattered.interval_list
330,0329-scattered.interval_list
331,0330-scattered.interval_list
332,0331-scattered.interval_list
333,0332-scattered.interval_list
334,0333-scattered.interval_list
335,0334-scattered.interval_list
336,0335-scattered.interval_list
337,0336-scattered.interval_list
338,0337-scattered.interval_list
339,0338-scattered.interval_list
340,0339-scattered.interval_list
341,0340-scattered.interval_list
342,0341-scattered.interval_list
343,0342-scattered.interval_list
344,0343-scattered.interval_list
345,0344-scattered.interval_list
346,0345-scattered.interval_list
347,0346-scattered.interval_list
348,0347-scattered.interval_list
349,0348-scattered.interval_list
350,0349-scattered.interval_list
351,0350-scattered.interval_list
352,0351-scattered.interval_list
353,0352-scattered.interval_list
354,0353-scattered.interval_list
355,0354-scattered.interval_list
356,0355-scattered.interval_list
357,0356-scattered.interval_list
358,0357-scattered.interval_list
359,0358-scattered.interval_list
360,0359-scattered.interval_list
361,0360-scattered.interval_list
362,0361-scattered.interval_list
363,0362-scattered.interval_list
364,0363-scattered.interval_list
365,0364-scattered.interval_list
366,0365-scattered.interval_list
367,0366-scattered.interval_list
368,0367-scattered.interval_list
369,0368-scattered.interval_list
370,0369-scattered.interval_list
371,0370-scattered.interval_list
372,0371-scattered.interval_list
373,0372-scattered.interval_list
374,0373-scattered.interval_list
375,0374-scattered.interval_list
376,0375-scattered.interval_list
377,0376-scattered.interval_list
378,0377-scattered.interval_list
379,0378-scattered.interval_list
380,0379-scattered.interval_list
381,0380-scattered.interval_list
382,0381-scattered.interval_list
383,0382-scattered.interval_list
384,0383-scattered.interval_list
385,0384-scattered.interval_list
386,0385-scattered.interval_list
387,0386-scattered.interval_list
388,0387-scattered.interval_list
389,0388-scattered.interval_list
390,0389-scattered.interval_list
391,0390-scattered.interval_list
392,0391-scattered.interval_list
393,0392-scattered.interval_list
394,0393-scattered.interval_list
395,0394-scattered.interval_list
396,0395-scattered.interval_list
397,0396-scattered.interval_list
398,0397-scattered.interval_list
399,0398-scattered.interval_list
400,0399-scattered.interval_list
401,0400-scattered.interval_list
402,0401-scattered.interval_list
403,0402-scattered.interval_list
404,0403-scattered.interval_list
405,0404-scattered.interval_list
406,0405-scattered.interval_list
407,0406-scattered.interval_list
408,0407-scattered.interval_list
409,0408-scattered.interval_list
410,0409-scattered.interval_list
411,0410-scattered.interval_list
412,0411-scattered.interval_list
413,0412-scattered.interval_list
414,0413-scattered.interval_list
415,0414-scattered.interval_list
416,0415-scattered.interval_list
417,0416-scattered.interval_list
418,0417-scattered.interval_list
419,0418-scattered.interval_list
420,0419-scattered.interval_list
421,0420-scattered.interval_list
422,0421-scattered.interval_list
423,0422-scattered.interval_list
424,0423-scattered.interval_list
425,0424-scattered.interval_list
426,0425-scattered.interval_list
427,0426-scattered.interval_list
428,0427-scattered.interval_list
429,0428-scattered.interval_list
430,0429-scattered.interval_list
431,0430-scattered.interval_list
432,0431-scattered.interval_list
433,0432-scattered.interval_list
434,0433-scattered.interval_list
435,0434-scattered.interval_list
436,0435-scattered.interval_list
437,0436-scattered.interval_list
438,0437-scattered.interval_list
439,0438-scattered.interval_list
440,0439-scattered.interval_list
441,0440-scattered.interval_list
442,0441-scattered.interval_list
443,0442-scattered.interval_list
444,0443-scattered.interval_list
445,0444-scattered.interval_list
446,0445-scattered.interval_list
447,0446-scattered.interval_list
448,0447-scattered.interval_list
449,0448-scattered.interval_list
450,0449-scattered.interval_list
451,0450-scattered.interval_list
452,0451-scattered.interval_list
453,0452-scattered.interval_list
454,0453-scattered.interval_list
455,0454-scattered.interval_list
456,0455-scattered.interval_list
457,0456-scattered.interval_list
458,0457-scattered.interval_list
459,0458-scattered.interval_list
460,0459-scattered.interval_list
461,0460-scattered.interval_list
462,0461-scattered.interval_list
463,0462-scattered.interval_list
464,0463-scattered.interval_list
465,0464-scattered.interval_list
466,0465-scattered.interval_list
467,0466-scattered.interval_list
468,0467-scattered.interval_list
469,0468-scattered.interval_list
470,0469-scattered.interval_list
471,0470-scattered.interval_list
472,0471-scattered.interval_list
473,0472-scattered.interval_list
474,0473-scattered.interval_list
475,0474-scattered.interval_list
476,0475-scattered.interval_list
477,0476-scattered.interval_list
478,0477-scattered.interval_list
479,0478-scattered.interval_list
480,0479-scattered.interval_list
481,0480-scattered.interval_list
482,0481-scattered.interval_list
483,0482-scattered.interval_list
484,0483-scattered.interval_list
485,0484-scattered.interval_list
486,0485-scattered.interval_list
487,0486-scattered.interval_list
488,0487-scattered.interval_list
489,0488-scattered.interval_list
490,0489-scattered.interval_list
491,0490-scattered.interval_list
492,0491-scattered.interval_list
493,0492-scattered.interval_list
494,0493-scattered.interval_list
495,0494-scattered.interval_list
496,0495-scattered.interval_list
497,0496-scattered.interval_list
498,0497-scattered.interval_list
499,0498-scattered.interval_list
500,0499-scattered.interval_list
501,0500-scattered.interval_list
502,0501-scattered.interval_list
503,0502-scattered.interval_list
504,0503-scattered.interval_list
505,0504-scattered.interval_list
506,0505-scattered.interval_list
507,0506-scattered.interval_list
508,0507-scattered.interval_list
509,0508-scattered.interval_list
510,0509-scattered.interval_list
511,0510-scattered.interval_list
512,0511-scattered.interval_list
513,0512-scattered.interval_list
514,0513-scattered.interval_list
515,0514-scattered.interval_list
516,0515-scattered.interval_list
517,0516-scattered.interval_list
518,0517-scattered.interval_list
519,0518-scattered.interval_list
520,0519-scattered.interval_list
521,0520-scattered.interval_list
522,0521-scattered.interval_list
523,0522-scattered.interval_list
524,0523-scattered.interval_list
525,0524-scattered.interval_list
526,0525-scattered.interval_list
527,0526-scattered.interval_list
528,0527-scattered.interval_list
529,0528-scattered.interval_list
530,0529-scattered.interval_list
531,0530-scattered.interval_list
532,0531-scattered.interval_list
533,0532-scattered.interval_list
534,0533-scattered.interval_list
535,0534-scattered.interval_list
536,0535-scattered.interval_list
537,0536-scattered.interval_list
538,0537-scattered.interval_list
539,0538-scattered.interval_list
540,0539-scattered.interval_list
541,0540-scattered.interval_list
542,0541-scattered.interval_list
543,0542-scattered.interval_list
544,0543-scattered.interval_list
545,0544-scattered.interval_list
546,0545-scattered.interval_list
547,0546-scattered.interval_list
548,0547-scattered.interval_list
549,0548-scattered.interval_list
550,0549-scattered.interval_list
551,0550-scattered.interval_list
552,0551-scattered.interval_list
553,0552-scattered.interval_list
554,0553-scattered.interval_list
555,0554-scattered.interval_list
556,0555-scattered.interval_list
557,0556-scattered.interval_list
558,0557-scattered.interval_list
559,0558-scattered.interval_list
560,0559-scattered.interval_list
561,0560-scattered.interval_list
562,0561-scattered.interval_list
563,0562-scattered.interval_list
564,0563-scattered.interval_list
565,0564-scattered.interval_list
566,0565-scattered.interval_list
567,0566-scattered.interval_list
568,0567-scattered.interval_list
569,0568-scattered.interval_list
570,0569-scattered.interval_list
571,0570-scattered.interval_list
572,0571-scattered.interval_list
573,0572-scattered.interval_list
574,0573-scattered.interval_list
575,0574-scattered.interval_list
576,0575-scattered.interval_list
577,0576-scattered.interval_list
578,0577-scattered.interval_list
579,0578-scattered.interval_list
580,0579-scattered.interval_list
581,0580-scattered.interval_list
582,0581-scattered.interval_list
583,0582-scattered.interval_list
584,0583-scattered.interval_list
585,0584-scattered.interval_list
586,0585-scattered.interval_list
587,0586-scattered.interval_list
588,0587-scattered.interval_list
589,0588-scattered.interval_list
590,0589-scattered.interval_list
591,0590-scattered.interval_list
592,0591-scattered.interval_list
593,0592-scattered.interval_list
594,0593-scattered.interval_list
595,0594-scattered.interval_list
596,0595-scattered.interval_list
597,0596-scattered.interval_list
598,0597-scattered.interval_list
599,0598-scattered.interval_list
600,0599-scattered.interval_list
601,0600-scattered.interval_list
602,0601-scattered.interval_list
603,0602-scattered.interval_list
604,0603-scattered.interval_list
605,0604-scattered.interval_list
606,0605-scattered.interval_list
607,0606-scattered.interval_list
608,0607-scattered.interval_list
609,0608-scattered.interval_list
610,0609-scattered.interval_list
611,0610-scattered.interval_list
612,0611-scattered.interval_list
613,0612-scattered.interval_list
614,0613-scattered.interval_list
615,0614-scattered.interval_list
616,0615-scattered.interval_list
617,0616-scattered.interval_list
618,0617-scattered.interval_list
619,0618-scattered.interval_list
620,0619-scattered.interval_list
621,0620-scattered.interval_list
622,0621-scattered.interval_list
623,0622-scattered.interval_list
624,0623-scattered.interval_list
625,0624-scattered.interval_list
626,0625-scattered.interval_list
627,0626-scattered.interval_list
628,0627-scattered.interval_list
629,0628-scattered.interval_list
630,0629-scattered.interval_list
631,0630-scattered.interval_list
632,0631-scattered.interval_list
633,0632-scattered.interval_list
634,0633-scattered.interval_list
635,0634-scattered.interval_list
636,0635-scattered.interval_list
637,0636-scattered.interval_list
638,0637-scattered.interval_list
639,0638-scattered.interval_list
640,0639-scattered.interval_list
641,0640-scattered.interval_list
642,0641-scattered.interval_list
643,0642-scattered.interval_list
644,0643-scattered.interval_list
645,0644-scattered.interval_list
646,0645-scattered.interval_list
647,0646-scattered.interval_list
648,0647-scattered.interval_list
649,0648-scattered.interval_list
650,0649-scattered.interval_list
651,0650-scattered.interval_list
652,0651-scattered.interval_list
653,0652-scattered.interval_list
654,0653-scattered.interval_list
655,0654-scattered.interval_list
656,0655-scattered.interval_list
657,0656-scattered.interval_list
658,0657-scattered.interval_list
659,0658-scattered.interval_list
660,0659-scattered.interval_list
661,0660-scattered.interval_list
662,0661-scattered.interval_list
663,0662-scattered.interval_list
664,0663-scattered.interval_list
665,0664-scattered.interval_list
666,0665-scattered.interval_list
667,0666-scattered.interval_list
668,0667-scattered.interval_list
669,0668-scattered.interval_list
670,0669-scattered.interval_list
671,0670-scattered.interval_list
672,0671-scattered.interval_list
673,0672-scattered.interval_list
674,0673-scattered.interval_list
675,0674-scattered.interval_list
676,0675-scattered.interval_list
677,0676-scattered.interval_list
678,0677-scattered.interval_list
679,0678-scattered.interval_list
680,0679-scattered.interval_list
681,0680-scattered.interval_list
682,0681-scattered.interval_list
683,0682-scattered.interval_list
684,0683-scattered.interval_list
685,0684-scattered.interval_list
686,0685-scattered.interval_list
687,0686-scattered.interval_list
688,0687-scattered.interval_list
689,0688-scattered.interval_list
690,0689-scattered.interval_list
691,0690-scattered.interval_list
692,0691-scattered.interval_list
693,0692-scattered.interval_list
694,0693-scattered.interval_list
695,0694-scattered.interval_list
696,0695-scattered.interval_list
697,0696-scattered.interval_list
698,0697-scattered.interval_list
699,0698-scattered.interval_list
700,0699-scattered.interval_list
701,0700-scattered.interval_list
702,0701-scattered.interval_list
703,0702-scattered.interval_list
704,0703-scattered.interval_list
705,0704-scattered.interval_list
706,0705-scattered.interval_list
707,0706-scattered.interval_list
708,0707-scattered.interval_list
709,0708-scattered.interval_list
710,0709-scattered.interval_list
711,0710-scattered.interval_list
712,0711-scattered.interval_list
713,0712-scattered.interval_list
714,0713-scattered.interval_list
715,0714-scattered.interval_list
716,0715-scattered.interval_list
717,0716-scattered.interval_list
718,0717-scattered.interval_list
719,0718-scattered.interval_list
720,0719-scattered.interval_list
721,0720-scattered.interval_list
722,0721-scattered.interval_list
723,0722-scattered.interval_list
724,0723-scattered.interval_list
725,0724-scattered.interval_list
726,0725-scattered.interval_list
727,0726-scattered.interval_list
728,0727-scattered.interval_list
729,0728-scattered.interval_list
730,0729-scattered.interval_list
731,0730-scattered.interval_list
732,0731-scattered.interval_list
733,0732-scattered.interval_list
734,0733-scattered.interval_list
735,0734-scattered.interval_list
736,0735-scattered.interval_list
737,0736-scattered.interval_list
738,0737-scattered.interval_list
739,0738-scattered.interval_list
740,0739-scattered.interval_list
741,0740-scattered.interval_list
742,0741-scattered.interval_list
743,0742-scattered.interval_list
744,0743-scattered.interval_list
745,0744-scattered.interval_list
746,0745-scattered.interval_list
747,0746-scattered.interval_list
748,0747-scattered.interval_list
749,0748-scattered.interval_list
750,0749-scattered.interval_list
751,0750-scattered.interval_list
752,0751-scattered.interval_list
753,0752-scattered.interval_list
754,0753-scattered.interval_list
755,0754-scattered.interval_list
756,0755-scattered.interval_list
757,0756-scattered.interval_list
758,0757-scattered.interval_list
759,0758-scattered.interval_list
760,0759-scattered.interval_list
761,0760-scattered.interval_list
762,0761-scattered.interval_list
763,0762-scattered.interval_list
764,0763-scattered.interval_list
765,0764-scattered.interval_list
766,0765-scattered.interval_list
767,0766-scattered.interval_list
768,0767-scattered.interval_list
769,0768-scattered.interval_list
770,0769-scattered.interval_list
771,0770-scattered.interval_list
772,0771-scattered.interval_list
773,0772-scattered.interval_list
774,0773-scattered.interval_list
775,0774-scattered.interval_list
776,0775-scattered.interval_list
777,0776-scattered.interval_list
778,0777-scattered.interval_list
779,0778-scattered.interval_list
780,0779-scattered.interval_list
781,0780-scattered.interval_list
782,0781-scattered.interval_list
783,0782-scattered.interval_list
784,0783-scattered.interval_list
785,0784-scattered.interval_list
786,0785-scattered.interval_list
787,0786-scattered.interval_list
788,0787-scattered.interval_list
789,0788-scattered.interval_list
790,0789-scattered.interval_list
791,0790-scattered.interval_list
792,0791-scattered.interval_list
793,0792-scattered.interval_list
794,0793-scattered.interval_list
795,0794-scattered.interval_list
796,0795-scattered.interval_list
797,0796-scattered.interval_list
798,0797-scattered.interval_list
799,0798-scattered.interval_list
800,0799-scattered.interval_list
801,0800-scattered.interval_list
802,0801-scattered.interval_list
803,0802-scattered.interval_list
804,0803-scattered.interval_list
805,0804-scattered.interval_list
806,0805-scattered.interval_list
807,0806-scattered.interval_list
808,0807-scattered.interval_list
809,0808-scattered.interval_list
810,0809-scattered.interval_list
811,0810-scattered.interval_list
812,0811-scattered.interval_list
813,0812-scattered.interval_list
814,0813-scattered.interval_list
815,0814-scattered.interval_list
816,0815-scattered.interval_list
817,0816-scattered.interval_list
818,0817-scattered.interval_list
819,0818-scattered.interval_list
820,0819-scattered.interval_list
821,0820-scattered.interval_list
822,0821-scattered.interval_list
823,0822-scattered.interval_list
824,0823-scattered.interval_list
825,0824-scattered.interval_list
826,0825-scattered.interval_list
827,0826-scattered.interval_list
828,0827-scattered.interval_list
829,0828-scattered.interval_list
830,0829-scattered.interval_list
831,0830-scattered.interval_list
832,0831-scattered.interval_list
833,0832-scattered.interval_list
834,0833-scattered.interval_list
835,0834-scattered.interval_list
836,0835-scattered.interval_list
837,0836-scattered.interval_list
838,0837-scattered.interval_list
839,0838-scattered.interval_list
840,0839-scattered.interval_list
841,0840-scattered.interval_list
842,0841-scattered.interval_list
843,0842-scattered.interval_list
844,0843-scattered.interval_list
845,0844-scattered.interval_list
846,0845-scattered.interval_list
847,0846-scattered.interval_list
848,0847-scattered.interval_list
849,0848-scattered.interval_list
850,0849-scattered.interval_list
851,0850-scattered.interval_list
852,0851-scattered.interval_list
853,0852-scattered.interval_list
854,0853-scattered.interval_list
855,0854-scattered.interval_list
856,0855-scattered.interval_list
857,0856-scattered.interval_list
858,0857-scattered.interval_list
859,0858-scattered.interval_list
860,0859-scattered.interval_list
861,0860-scattered.interval_list
862,0861-scattered.interval_list
863,0862-scattered.interval_list
864,0863-scattered.interval_list
865,0864-scattered.interval_list
866,0865-scattered.interval_list
867,0866-scattered.interval_list
868,0867-scattered.interval_list
869,0868-scattered.interval_list
870,0869-scattered.interval_list
871,0870-scattered.interval_list
872,0871-scattered.interval_list
873,0872-scattered.interval_list
874,0873-scattered.interval_list
875,0874-scattered.interval_list
876,0875-scattered.interval_list
877,0876-scattered.interval_list
878,0877-scattered.interval_list
879,0878-scattered.interval_list
880,0879-scattered.interval_list
881,0880-scattered.interval_list
882,0881-scattered.interval_list
883,0882-scattered.interval_list
884,0883-scattered.interval_list
885,0884-scattered.interval_list
886,0885-scattered.interval_list
887,0886-scattered.interval_list
888,0887-scattered.interval_list
889,0888-scattered.interval_list
890,0889-scattered.interval_list
891,0890-scattered.interval_list
892,0891-scattered.interval_list
893,0892-scattered.interval_list
894,0893-scattered.interval_list
895,0894-scattered.interval_list
896,0895-scattered.interval_list
897,0896-scattered.interval_list
898,0897-scattered.interval_list
899,0898-scattered.interval_list
900,0899-scattered.interval_list
901,0900-scattered.interval_list
902,0901-scattered.interval_list
903,0902-scattered.interval_list
904,0903-scattered.interval_list
905,0904-scattered.interval_list
906,0905-scattered.interval_list
907,0906-scattered.interval_list
908,0907-scattered.interval_list
909,0908-scattered.interval_list
910,0909-scattered.interval_list
911,0910-scattered.interval_list
912,0911-scattered.interval_list
913,0912-scattered.interval_list
914,0913-scattered.interval_list
915,0914-scattered.interval_list
916,0915-scattered.interval_list
917,0916-scattered.interval_list
918,0917-scattered.interval_list
919,0918-scattered.interval_list
920,0919-scattered.interval_list
921,0920-scattered.interval_list
922,0921-scattered.interval_list
923,0922-scattered.interval_list
924,0923-scattered.interval_list
925,0924-scattered.interval_list
926,0925-scattered.interval_list
927,0926-scattered.interval_list
928,0927-scattered.interval_list
929,0928-scattered.interval_list
930,0929-scattered.interval_list
931,0930-scattered.interval_list
932,0931-scattered.interval_list
933,0932-scattered.interval_list
934,0933-scattered.interval_list
935,0934-scattered.interval_list
936,0935-scattered.interval_list
937,0936-scattered.interval_list
938,0937-scattered.interval_list
939,0938-scattered.interval_list
940,0939-scattered.interval_list
941,0940-scattered.interval_list
942,0941-scattered.interval_list
943,0942-scattered.interval_list
944,0943-scattered.interval_list
945,0944-scattered.interval_list
946,0945-scattered.interval_list
947,0946-scattered.interval_list
948,0947-scattered.interval_list
949,0948-scattered.interval_list
950,0949-scattered.interval_list
951,0950-scattered.interval_list
952,0951-scattered.interval_list
953,0952-scattered.interval_list
954,0953-scattered.interval_list
955,0954-scattered.interval_list
956,0955-scattered.interval_list
957,0956-scattered.interval_list
958,0957-scattered.interval_list
959,0958-scattered.interval_list
960,0959-scattered.interval_list
961,0960-scattered.interval_list
962,0961-scattered.interval_list
963,0962-scattered.interval_list
964,0963-scattered.interval_list
965,0964-scattered.interval_list
966,0965-scattered.interval_list
967,0966-scattered.interval_list
968,0967-scattered.interval_list
969,0968-scattered.interval_list
970,0969-scattered.interval_list
971,0970-scattered.interval_list
972,0971-scattered.interval_list
973,0972-scattered.interval_list
974,0973-scattered.interval_list
975,0974-scattered.interval_list
976,0975-scattered.interval_list
977,0976-scattered.interval_list
978,0977-scattered.interval_list
979,0978-scattered.interval_list
980,0979-scattered.interval_list
981,0980-scattered.interval_list
982,0981-scattered.interval_list
983,0982-scattered.interval_list
984,0983-scattered.interval_list
985,0984-scattered.interval_list
986,0985-scattered.interval_list
987,0986-scattered.interval_list
988,0987-scattered.interval_list
989,0988-scattered.interval_list
990,0989-scattered.interval_list
991,0990-scattered.interval_list
992,0991-scattered.interval_list
993,0992-scattered.interval_list
994,0993-scattered.interval_list
995,0994-scattered.interval_list
996,0995-scattered.interval_list
997,0996-scattered.interval_list
998,0997-scattered.interval_list
999,0998-scattered.interval_list
1000,0999-scattered.interval_list
